<linker>
  <assembly fullname="Assembly-CSharp, Version=0.0.0.0, Culture=neutral, PublicKeyToken=null">
    <type fullname="Null86.Effect.ForceSetStatsEffectBase" preserve="all" />
    <type fullname="Null86.Effect.StatAlteringEffectBase" preserve="all" />
    <type fullname="Null86.Inventory.ConsumableBase" preserve="all" />
    <type fullname="Null86.Inventory.Inventory" preserve="all" />
    <type fullname="Null86.Inventory.WeaponBase" preserve="all" />
    <type fullname="Null86.Inventory.WeaponType" preserve="all" />
    <type fullname="Null86.MovementTileDatabase" preserve="all" />
    <type fullname="Null86.Tiles.Tile" preserve="all" />
    <type fullname="Null86.Tiles.TileBase" preserve="all" />
    <type fullname="Null86.Units.Faction" preserve="all" />
    <type fullname="Null86.Units.MovementType" preserve="all" />
    <type fullname="Null86.Units.Stats.ClassStats" preserve="all" />
    <type fullname="Null86.Units.Stats.PersonalStats" preserve="all" />
    <type fullname="Null86.Units.Stats.RewardStats" preserve="all" />
    <type fullname="Null86.Units.Stats.ScriptableStats" preserve="all" />
    <type fullname="Null86.Units.UnitAI.CowardAI" preserve="all" />
    <type fullname="Null86.Units.UnitAI.GoForKillsAI" preserve="all" />
    <type fullname="Null86.Units.UnitAI.PlayerAI" preserve="all" />
    <type fullname="Null86.Units.UnitAI.TankAI" preserve="all" />
    <type fullname="Null86.Units.UnitBase" preserve="all" />
    <type fullname="Null86.UnitTemplate" preserve="all" />
    <type fullname="Null86.Inventory.Item" preserve="nothing" serialized="true" />
    <type fullname="Null86.Inventory.ItemStats" preserve="nothing" serialized="true" />
    <type fullname="Null86.Units.Stats.ClassStatsWrapper" preserve="nothing" serialized="true" />
    <type fullname="Null86.Units.Stats.EffectStatsWrapper" preserve="nothing" serialized="true" />
    <type fullname="Null86.Units.Stats.GrowthStatsWrapper" preserve="nothing" serialized="true" />
    <type fullname="Null86.Units.Stats.PersonalStatsWrapper" preserve="nothing" serialized="true" />
    <type fullname="Null86.Units.Stats.RewardStatsWrapper" preserve="nothing" serialized="true" />
    <type fullname="Null86.Units.Stats.StatsBase" preserve="nothing" serialized="true" />
    <type fullname="Null86.Units.Stats.UnitStats" preserve="nothing" serialized="true" />
    <type fullname="Null86.Effect.EffectTemplate" preserve="nothing" serialized="true" />
    <type fullname="Null86.MovementTileDatabase/MovementTileList" preserve="nothing" serialized="true" />
    <type fullname="Null86.MovementTileDatabase/TileCostNode" preserve="nothing" serialized="true" />
  </assembly>
  <assembly fullname="Unity.Addressables, Version=0.0.0.0, Culture=neutral, PublicKeyToken=null" preserve="all">
    <type fullname="UnityEngine.AddressableAssets.Addressables" preserve="all" />
  </assembly>
  <assembly fullname="Unity.ResourceManager, Version=0.0.0.0, Culture=neutral, PublicKeyToken=null" preserve="all">
    <type fullname="UnityEngine.ResourceManagement.ResourceProviders.AssetBundleProvider" preserve="all" />
    <type fullname="UnityEngine.ResourceManagement.ResourceProviders.BundledAssetProvider" preserve="all" />
    <type fullname="UnityEngine.ResourceManagement.ResourceProviders.InstanceProvider" preserve="all" />
    <type fullname="UnityEngine.ResourceManagement.ResourceProviders.LegacyResourcesProvider" preserve="all" />
    <type fullname="UnityEngine.ResourceManagement.ResourceProviders.SceneProvider" preserve="all" />
  </assembly>
  <assembly fullname="UnityEngine.AnimationModule, Version=0.0.0.0, Culture=neutral, PublicKeyToken=null">
    <type fullname="UnityEngine.AnimationClip" preserve="all" />
    <type fullname="UnityEngine.Animator" preserve="all" />
    <type fullname="UnityEngine.RuntimeAnimatorController" preserve="all" />
  </assembly>
  <assembly fullname="UnityEngine.CoreModule, Version=0.0.0.0, Culture=neutral, PublicKeyToken=null">
    <type fullname="UnityEngine.GameObject" preserve="all" />
    <type fullname="UnityEngine.Material" preserve="all" />
    <type fullname="UnityEngine.Object" preserve="all" />
    <type fullname="UnityEngine.Shader" preserve="all" />
    <type fullname="UnityEngine.Sprite" preserve="all" />
    <type fullname="UnityEngine.SpriteRenderer" preserve="all" />
    <type fullname="UnityEngine.Texture2D" preserve="all" />
    <type fullname="UnityEngine.Transform" preserve="all" />
  </assembly>
  <assembly fullname="UnityEngine.Physics2DModule, Version=0.0.0.0, Culture=neutral, PublicKeyToken=null">
    <type fullname="UnityEngine.BoxCollider2D" preserve="all" />
  </assembly>
</linker>